<dolfin xmlns:dolfin="https://fenicsproject.org/">
  <mesh celltype="triangle" dim="3">
    <vertices size="18">
      <vertex index="0" x="0.0" y="0.0" z="0.0"/>
      <vertex index="1" x="2.0" y="0.0" z="0.0"/>
      <vertex index="2" x="2.0" y="1.0" z="0.0"/>
      <vertex index="3" x="0.0" y="1.0" z="0.0"/>
      <vertex index="4" x="0.5" y="0.0" z="0.0"/>
      <vertex index="5" x="1.0" y="0.0" z="0.0"/>
      <vertex index="6" x="1.5" y="0.0" z="0.0"/>
      <vertex index="7" x="2.0" y="0.5" z="0.0"/>
      <vertex index="8" x="1.5" y="1.0" z="0.0"/>
      <vertex index="9" x="1.0" y="1.0" z="0.0"/>
      <vertex index="10" x="0.5" y="1.0" z="0.0"/>
      <vertex index="11" x="0.0" y="0.5" z="0.0"/>
      <vertex index="12" x="0.75" y="0.4330127018922193" z="0.0"/>
      <vertex index="13" x="1.25" y="0.5511587314970074" z="0.0"/>
      <vertex index="14" x="0.3287258330795123" y="0.6331588584183425" z="0.0"/>
      <vertex index="15" x="1.672020287404903" y="0.3633946116846951" z="0.0"/>
      <vertex index="16" x="1.703490779236462" y="0.7027288461524621" z="0.0"/>
      <vertex index="17" x="0.289906066861805" y="0.2889910324034267" z="0.0"/>
    </vertices>
    <cells size="22">
      <triangle index="0" v0="10" v1="12" v2="9"/>
      <triangle index="1" v0="6" v1="13" v2="5"/>
      <triangle index="2" v0="12" v1="13" v2="9"/>
      <triangle index="3" v0="5" v1="13" v2="12"/>
      <triangle index="4" v0="10" v1="14" v2="12"/>
      <triangle index="5" v0="6" v1="15" v2="13"/>
      <triangle index="6" v0="9" v1="13" v2="8"/>
      <triangle index="7" v0="5" v1="12" v2="4"/>
      <triangle index="8" v0="11" v1="14" v2="3"/>
      <triangle index="9" v0="3" v1="14" v2="10"/>
      <triangle index="10" v0="7" v1="15" v2="1"/>
      <triangle index="11" v0="1" v1="15" v2="6"/>
      <triangle index="12" v0="13" v1="16" v2="8"/>
      <triangle index="13" v0="12" v1="17" v2="4"/>
      <triangle index="14" v0="15" v1="16" v2="13"/>
      <triangle index="15" v0="14" v1="17" v2="12"/>
      <triangle index="16" v0="2" v1="16" v2="7"/>
      <triangle index="17" v0="8" v1="16" v2="2"/>
      <triangle index="18" v0="4" v1="17" v2="0"/>
      <triangle index="19" v0="0" v1="17" v2="11"/>
      <triangle index="20" v0="11" v1="17" v2="14"/>
      <triangle index="21" v0="7" v1="16" v2="15"/>
    </cells>
  </mesh>
</dolfin>
